,filename,prompt,evaluation_seed
0,o_A-portrait-of-Aaron-Paul-and-Anjelica-Huston_0_0.jpg,A portrait of Aaron Paul and Anjelica Huston,0
1,o_A-portrait-of-Aaron-Paul-and-Anjelica-Huston_2_0.jpg,A portrait of Aaron Paul and Anjelica Huston,2
2,o_A-portrait-of-Adriana-Lima-and-Ben-Stiller_1_0.jpg,A portrait of Adriana Lima and Ben Stiller,1
3,o_A-portrait-of-Adriana-Lima-and-Robert-De-Niro_1_0.jpg,A portrait of Adriana Lima and Robert De Niro,1
4,o_A-portrait-of-Alec-Baldwin-and-Anjelica-Huston_0_0.jpg,A portrait of Alec Baldwin and Anjelica Huston,0
5,o_A-portrait-of-Alec-Baldwin-and-Jennifer-Lawrence_0_0.jpg,A portrait of Alec Baldwin and Jennifer Lawrence,0
6,o_A-portrait-of-Amanda-Seyfried-and-Bob-Dylan_1_0.jpg,A portrait of Amanda Seyfried and Bob Dylan,1
7,o_A-portrait-of-Amanda-Seyfried-and-Bob-Dylan_4_0.jpg,A portrait of Amanda Seyfried and Bob Dylan,4
8,o_A-portrait-of-Amber-Heard-and-Michael-Cera_1_0.jpg,A portrait of Amber Heard and Michael Cera,1
9,o_A-portrait-of-Amy-Adams-and-Jackie-Chan_0_0.jpg,A portrait of Amy Adams and Jackie Chan,0
10,o_A-portrait-of-Amy-Adams-and-Patrick-Stewart_0_0.jpg,A portrait of Amy Adams and Patrick Stewart,0
11,o_A-portrait-of-Amy-Adams-and-Patrick-Stewart_1_0.jpg,A portrait of Amy Adams and Patrick Stewart,1
12,o_A-portrait-of-Amy-Poehler-and-Chris-Hemsworth_0_0.jpg,A portrait of Amy Poehler and Chris Hemsworth,0
13,o_A-portrait-of-Amy-Poehler-and-Chris-Hemsworth_4_0.jpg,A portrait of Amy Poehler and Chris Hemsworth,4
14,o_A-portrait-of-Anna-Faris-and-Dane-Dehaan_4_0.jpg,A portrait of Anna Faris and Dane Dehaan,4
15,o_A-portrait-of-Anna-Kendrick-and-Jada-Pinkett-Smith_3_0.jpg,A portrait of Anna Kendrick and Jada Pinkett Smith,3
16,o_A-portrait-of-Anna-Kendrick-and-Jada-Pinkett-Smith_4_0.jpg,A portrait of Anna Kendrick and Jada Pinkett Smith,4
17,o_A-portrait-of-Anna-Kendrick-and-Matthew-Mcconaughey_0_0.jpg,A portrait of Anna Kendrick and Matthew Mcconaughey,0
18,o_A-portrait-of-Anna-Kendrick-and-Matthew-Mcconaughey_1_0.jpg,A portrait of Anna Kendrick and Matthew Mcconaughey,1
19,o_A-portrait-of-Anna-Kendrick-and-Matthew-Mcconaughey_3_0.jpg,A portrait of Anna Kendrick and Matthew Mcconaughey,3
20,o_A-portrait-of-Anna-Kendrick-and-Matthew-Mcconaughey_4_0.jpg,A portrait of Anna Kendrick and Matthew Mcconaughey,4
21,o_A-portrait-of-Anne-Hathaway-and-Jason-Statham_1_0.jpg,A portrait of Anne Hathaway and Jason Statham,1
22,o_A-portrait-of-Anne-Hathaway-and-Jason-Statham_3_0.jpg,A portrait of Anne Hathaway and Jason Statham,3
23,o_A-portrait-of-Anne-Hathaway-and-Michael-Ealy_0_0.jpg,A portrait of Anne Hathaway and Michael Ealy,0
24,o_A-portrait-of-Anne-Hathaway-and-Michael-Ealy_3_0.jpg,A portrait of Anne Hathaway and Michael Ealy,3
25,o_A-portrait-of-Aretha-Franklin-and-Charlie-Sheen_1_0.jpg,A portrait of Aretha Franklin and Charlie Sheen,1
26,o_A-portrait-of-Aretha-Franklin-and-Elon-Musk_1_0.jpg,A portrait of Aretha Franklin and Elon Musk,1
27,o_A-portrait-of-Aretha-Franklin-and-Elon-Musk_3_0.jpg,A portrait of Aretha Franklin and Elon Musk,3
28,o_A-portrait-of-Aretha-Franklin-and-Elon-Musk_4_0.jpg,A portrait of Aretha Franklin and Elon Musk,4
29,o_A-portrait-of-Aretha-Franklin-and-James-Franco_0_0.jpg,A portrait of Aretha Franklin and James Franco,0
30,o_A-portrait-of-Aretha-Franklin-and-James-Franco_1_0.jpg,A portrait of Aretha Franklin and James Franco,1
31,o_A-portrait-of-Arnold-Schwarzenegger-and-Brittany-Snow_1_0.jpg,A portrait of Arnold Schwarzenegger and Brittany Snow,1
32,o_A-portrait-of-Arnold-Schwarzenegger-and-Emma-Roberts_0_0.jpg,A portrait of Arnold Schwarzenegger and Emma Roberts,0
33,o_A-portrait-of-Arnold-Schwarzenegger-and-Emma-Roberts_1_0.jpg,A portrait of Arnold Schwarzenegger and Emma Roberts,1
34,o_A-portrait-of-Arnold-Schwarzenegger-and-Emma-Roberts_3_0.jpg,A portrait of Arnold Schwarzenegger and Emma Roberts,3
35,o_A-portrait-of-Arnold-Schwarzenegger-and-Gal-Gadot_1_0.jpg,A portrait of Arnold Schwarzenegger and Gal Gadot,1
36,o_A-portrait-of-Arnold-Schwarzenegger-and-Gal-Gadot_2_0.jpg,A portrait of Arnold Schwarzenegger and Gal Gadot,2
37,o_A-portrait-of-Avril-Lavigne-and-Idris-Elba_1_0.jpg,A portrait of Avril Lavigne and Idris Elba,1
38,o_A-portrait-of-Avril-Lavigne-and-James-Franco_3_0.jpg,A portrait of Avril Lavigne and James Franco,3
39,o_A-portrait-of-Aziz-Ansari-and-Emma-Stone_0_0.jpg,A portrait of Aziz Ansari and Emma Stone,0
40,o_A-portrait-of-Aziz-Ansari-and-Emma-Stone_2_0.jpg,A portrait of Aziz Ansari and Emma Stone,2
41,o_A-portrait-of-Ben-Stiller-and-Anjelica-Huston_0_0.jpg,A portrait of Ben Stiller and Anjelica Huston,0
42,o_A-portrait-of-Ben-Stiller-and-Anjelica-Huston_1_0.jpg,A portrait of Ben Stiller and Anjelica Huston,1
43,o_A-portrait-of-Ben-Stiller-and-Anjelica-Huston_2_0.jpg,A portrait of Ben Stiller and Anjelica Huston,2
44,o_A-portrait-of-Ben-Stiller-and-Anjelica-Huston_4_0.jpg,A portrait of Ben Stiller and Anjelica Huston,4
45,o_A-portrait-of-Benicio-Del-Toro-and-Angelina-Jolie_2_0.jpg,A portrait of Benicio Del Toro and Angelina Jolie,2
46,o_A-portrait-of-Benicio-Del-Toro-and-Anna-Kendrick_0_0.jpg,A portrait of Benicio Del Toro and Anna Kendrick,0
47,o_A-portrait-of-Benicio-Del-Toro-and-Drew-Barrymore_0_0.jpg,A portrait of Benicio Del Toro and Drew Barrymore,0
48,o_A-portrait-of-Benicio-Del-Toro-and-Drew-Barrymore_4_0.jpg,A portrait of Benicio Del Toro and Drew Barrymore,4
49,o_A-portrait-of-Bette-Midler-and-Andrew-Garfield_4_0.jpg,A portrait of Bette Midler and Andrew Garfield,4
50,o_A-portrait-of-Bette-Midler-and-Elon-Musk_3_0.jpg,A portrait of Bette Midler and Elon Musk,3
51,o_A-portrait-of-Betty-White-and-Hugh-Jackman_0_0.jpg,A portrait of Betty White and Hugh Jackman,0
52,o_A-portrait-of-Betty-White-and-Hugh-Jackman_3_0.jpg,A portrait of Betty White and Hugh Jackman,3
53,o_A-portrait-of-Bill-Clinton-and-Bette-Midler_1_0.jpg,A portrait of Bill Clinton and Bette Midler,1
54,o_A-portrait-of-Bill-Clinton-and-Bette-Midler_3_0.jpg,A portrait of Bill Clinton and Bette Midler,3
55,o_A-portrait-of-Bill-Clinton-and-Bette-Midler_4_0.jpg,A portrait of Bill Clinton and Bette Midler,4
56,o_A-portrait-of-Bill-Clinton-and-Kaley-Cuoco_2_0.jpg,A portrait of Bill Clinton and Kaley Cuoco,2
57,o_A-portrait-of-Bill-Clinton-and-Rachel-Dratch_0_0.jpg,A portrait of Bill Clinton and Rachel Dratch,0
58,o_A-portrait-of-Bill-Murray-and-Angelina-Jolie_0_0.jpg,A portrait of Bill Murray and Angelina Jolie,0
59,o_A-portrait-of-Bill-Murray-and-Angelina-Jolie_1_0.jpg,A portrait of Bill Murray and Angelina Jolie,1
60,o_A-portrait-of-Bill-Murray-and-Angelina-Jolie_4_0.jpg,A portrait of Bill Murray and Angelina Jolie,4
61,o_A-portrait-of-Bill-Murray-and-Drew-Barrymore_0_0.jpg,A portrait of Bill Murray and Drew Barrymore,0
62,o_A-portrait-of-Bill-Murray-and-Drew-Barrymore_1_0.jpg,A portrait of Bill Murray and Drew Barrymore,1
63,o_A-portrait-of-Bill-Murray-and-Drew-Barrymore_3_0.jpg,A portrait of Bill Murray and Drew Barrymore,3
64,o_A-portrait-of-Bill-Murray-and-Drew-Barrymore_4_0.jpg,A portrait of Bill Murray and Drew Barrymore,4
65,o_A-portrait-of-Bob-Dylan-and-Aretha-Franklin_0_0.jpg,A portrait of Bob Dylan and Aretha Franklin,0
66,o_A-portrait-of-Bob-Dylan-and-Aretha-Franklin_1_0.jpg,A portrait of Bob Dylan and Aretha Franklin,1
67,o_A-portrait-of-Bob-Dylan-and-Aretha-Franklin_3_0.jpg,A portrait of Bob Dylan and Aretha Franklin,3
68,o_A-portrait-of-Bob-Dylan-and-Kate-Upton_0_0.jpg,A portrait of Bob Dylan and Kate Upton,0
69,o_A-portrait-of-Bob-Dylan-and-Kate-Upton_1_0.jpg,A portrait of Bob Dylan and Kate Upton,1
70,o_A-portrait-of-Bob-Dylan-and-Kate-Upton_3_0.jpg,A portrait of Bob Dylan and Kate Upton,3
71,o_A-portrait-of-Bob-Dylan-and-Kate-Upton_4_0.jpg,A portrait of Bob Dylan and Kate Upton,4
72,o_A-portrait-of-Brittany-Snow-and-Jason-Momoa_0_0.jpg,A portrait of Brittany Snow and Jason Momoa,0
73,o_A-portrait-of-Brittany-Snow-and-Jason-Momoa_3_0.jpg,A portrait of Brittany Snow and Jason Momoa,3
74,o_A-portrait-of-Bruce-Lee-and-Gwyneth-Paltrow_0_0.jpg,A portrait of Bruce Lee and Gwyneth Paltrow,0
75,o_A-portrait-of-Cameron-Diaz-and-David-Bowie_4_0.jpg,A portrait of Cameron Diaz and David Bowie,4
76,o_A-portrait-of-Cameron-Diaz-and-Johnny-Cash_1_0.jpg,A portrait of Cameron Diaz and Johnny Cash,1
77,o_A-portrait-of-Cameron-Diaz-and-Johnny-Cash_2_0.jpg,A portrait of Cameron Diaz and Johnny Cash,2
78,o_A-portrait-of-Cameron-Diaz-and-Paul-Wesley_0_0.jpg,A portrait of Cameron Diaz and Paul Wesley,0
79,o_A-portrait-of-Cameron-Diaz-and-Paul-Wesley_4_0.jpg,A portrait of Cameron Diaz and Paul Wesley,4
80,o_A-portrait-of-Channing-Tatum-and-Judy-Garland_1_0.jpg,A portrait of Channing Tatum and Judy Garland,1
81,o_A-portrait-of-Charlie-Sheen-and-Amy-Poehler_0_0.jpg,A portrait of Charlie Sheen and Amy Poehler,0
82,o_A-portrait-of-Charlie-Sheen-and-Amy-Poehler_1_0.jpg,A portrait of Charlie Sheen and Amy Poehler,1
83,o_A-portrait-of-Charlie-Sheen-and-Hayley-Atwell_0_0.jpg,A portrait of Charlie Sheen and Hayley Atwell,0
84,o_A-portrait-of-Chris-Evans-and-Dakota-Johnson_0_0.jpg,A portrait of Chris Evans and Dakota Johnson,0
85,o_A-portrait-of-Chris-Evans-and-Gal-Gadot_0_0.jpg,A portrait of Chris Evans and Gal Gadot,0
86,o_A-portrait-of-Chris-Evans-and-Gal-Gadot_2_0.jpg,A portrait of Chris Evans and Gal Gadot,2
87,o_A-portrait-of-Chris-Evans-and-Kate-Upton_0_0.jpg,A portrait of Chris Evans and Kate Upton,0
88,o_A-portrait-of-Chris-Evans-and-Kate-Upton_3_0.jpg,A portrait of Chris Evans and Kate Upton,3
89,o_A-portrait-of-Chris-Evans-and-Lily-Collins_0_0.jpg,A portrait of Chris Evans and Lily Collins,0
90,o_A-portrait-of-Chris-Evans-and-Lily-Collins_2_0.jpg,A portrait of Chris Evans and Lily Collins,2
91,o_A-portrait-of-Chris-Evans-and-Lily-Collins_4_0.jpg,A portrait of Chris Evans and Lily Collins,4
92,o_A-portrait-of-Chris-Hemsworth-and-Kristen-Stewart_0_0.jpg,A portrait of Chris Hemsworth and Kristen Stewart,0
93,o_A-portrait-of-Chris-Hemsworth-and-Kristen-Stewart_3_0.jpg,A portrait of Chris Hemsworth and Kristen Stewart,3
94,o_A-portrait-of-Chris-Hemsworth-and-Kristen-Stewart_4_0.jpg,A portrait of Chris Hemsworth and Kristen Stewart,4
95,o_A-portrait-of-Chris-Hemsworth-and-Megan-Fox_0_0.jpg,A portrait of Chris Hemsworth and Megan Fox,0
96,o_A-portrait-of-Chris-Hemsworth-and-Megan-Fox_1_0.jpg,A portrait of Chris Hemsworth and Megan Fox,1
97,o_A-portrait-of-Chris-Hemsworth-and-Megan-Fox_4_0.jpg,A portrait of Chris Hemsworth and Megan Fox,4
98,o_A-portrait-of-Chris-Pine-and-Rachel-Mcadams_0_0.jpg,A portrait of Chris Pine and Rachel Mcadams,0
99,o_A-portrait-of-Christie-Brinkley-and-Elvis-Presley_4_0.jpg,A portrait of Christie Brinkley and Elvis Presley,4
100,o_A-portrait-of-Christie-Brinkley-and-Hugh-Jackman_1_0.jpg,A portrait of Christie Brinkley and Hugh Jackman,1
101,o_A-portrait-of-Christie-Brinkley-and-Hugh-Jackman_3_0.jpg,A portrait of Christie Brinkley and Hugh Jackman,3
102,o_A-portrait-of-Chuck-Norris-and-Liv-Tyler_0_0.jpg,A portrait of Chuck Norris and Liv Tyler,0
103,o_A-portrait-of-Countess-Vaughn-and-Bob-Dylan_1_0.jpg,A portrait of Countess Vaughn and Bob Dylan,1
104,o_A-portrait-of-Courteney-Cox-and-Andy-Samberg_3_0.jpg,A portrait of Courteney Cox and Andy Samberg,3
105,o_A-portrait-of-Dakota-Johnson-and-Drake_0_0.jpg,A portrait of Dakota Johnson and Drake,0
106,o_A-portrait-of-Dakota-Johnson-and-Drake_3_0.jpg,A portrait of Dakota Johnson and Drake,3
107,o_A-portrait-of-David-Bowie-and-Amber-Heard_4_0.jpg,A portrait of David Bowie and Amber Heard,4
108,o_A-portrait-of-Denise-Richards-and-Hillary-Clinton_0_0.jpg,A portrait of Denise Richards and Hillary Clinton,0
109,o_A-portrait-of-Doris-Day-and-Bruce-Willis_4_0.jpg,A portrait of Doris Day and Bruce Willis,4
110,o_A-portrait-of-Doris-Day-and-Chris-Evans_1_0.jpg,A portrait of Doris Day and Chris Evans,1
111,o_A-portrait-of-Doris-Day-and-Dwayne-Johnson_3_0.jpg,A portrait of Doris Day and Dwayne Johnson,3
112,o_A-portrait-of-Dr-Dre-and-Demi-Lovato_0_0.jpg,A portrait of Dr Dre and Demi Lovato,0
113,o_A-portrait-of-Dr-Dre-and-Drew-Barrymore_4_0.jpg,A portrait of Dr Dre and Drew Barrymore,4
114,o_A-portrait-of-Drake-and-Countess-Vaughn_0_0.jpg,A portrait of Drake and Countess Vaughn,0
115,o_A-portrait-of-Drew-Barrymore-and-Ben-Affleck_0_0.jpg,A portrait of Drew Barrymore and Ben Affleck,0
116,o_A-portrait-of-Drew-Barrymore-and-Ben-Affleck_3_0.jpg,A portrait of Drew Barrymore and Ben Affleck,3
117,o_A-portrait-of-Dwayne-Johnson-and-Britney-Spears_0_0.jpg,A portrait of Dwayne Johnson and Britney Spears,0
118,o_A-portrait-of-Dwayne-Johnson-and-Rachel-Dratch_1_0.jpg,A portrait of Dwayne Johnson and Rachel Dratch,1
119,o_A-portrait-of-Dwayne-Johnson-and-Rachel-Dratch_2_0.jpg,A portrait of Dwayne Johnson and Rachel Dratch,2
120,o_A-portrait-of-Dwayne-Johnson-and-Rachel-Dratch_3_0.jpg,A portrait of Dwayne Johnson and Rachel Dratch,3
121,o_A-portrait-of-Dwayne-Johnson-and-Rachel-Dratch_4_0.jpg,A portrait of Dwayne Johnson and Rachel Dratch,4
122,o_A-portrait-of-Ed-Sheeran-and-Kristen-Stewart_0_0.jpg,A portrait of Ed Sheeran and Kristen Stewart,0
123,o_A-portrait-of-Ed-Sheeran-and-Kristen-Stewart_1_0.jpg,A portrait of Ed Sheeran and Kristen Stewart,1
124,o_A-portrait-of-Ed-Sheeran-and-Kristen-Stewart_3_0.jpg,A portrait of Ed Sheeran and Kristen Stewart,3
125,o_A-portrait-of-Elon-Musk-and-Krysten-Ritter_1_0.jpg,A portrait of Elon Musk and Krysten Ritter,1
126,o_A-portrait-of-Elon-Musk-and-Krysten-Ritter_3_0.jpg,A portrait of Elon Musk and Krysten Ritter,3
127,o_A-portrait-of-Elvis-Presley-and-Lily-Collins_0_0.jpg,A portrait of Elvis Presley and Lily Collins,0
128,o_A-portrait-of-Elvis-Presley-and-Lily-Collins_1_0.jpg,A portrait of Elvis Presley and Lily Collins,1
129,o_A-portrait-of-Elvis-Presley-and-Lily-Collins_2_0.jpg,A portrait of Elvis Presley and Lily Collins,2
130,o_A-portrait-of-Elvis-Presley-and-Lily-Collins_3_0.jpg,A portrait of Elvis Presley and Lily Collins,3
131,o_A-portrait-of-Emma-Roberts-and-Bradley-Cooper_0_0.jpg,A portrait of Emma Roberts and Bradley Cooper,0
132,o_A-portrait-of-Emma-Roberts-and-Bradley-Cooper_1_0.jpg,A portrait of Emma Roberts and Bradley Cooper,1
133,o_A-portrait-of-Emma-Roberts-and-Bradley-Cooper_3_0.jpg,A portrait of Emma Roberts and Bradley Cooper,3
134,o_A-portrait-of-Emma-Roberts-and-Bruce-Willis_0_0.jpg,A portrait of Emma Roberts and Bruce Willis,0
135,o_A-portrait-of-Emma-Roberts-and-Bruce-Willis_3_0.jpg,A portrait of Emma Roberts and Bruce Willis,3
136,o_A-portrait-of-Emma-Roberts-and-Bruce-Willis_4_0.jpg,A portrait of Emma Roberts and Bruce Willis,4
137,o_A-portrait-of-Emma-Roberts-and-Chuck-Norris_0_0.jpg,A portrait of Emma Roberts and Chuck Norris,0
138,o_A-portrait-of-Emma-Roberts-and-Chuck-Norris_3_0.jpg,A portrait of Emma Roberts and Chuck Norris,3
139,o_A-portrait-of-Emma-Roberts-and-Chuck-Norris_4_0.jpg,A portrait of Emma Roberts and Chuck Norris,4
140,o_A-portrait-of-Emma-Stone-and-Bill-Murray_0_0.jpg,A portrait of Emma Stone and Bill Murray,0
141,o_A-portrait-of-Emma-Stone-and-Bill-Murray_3_0.jpg,A portrait of Emma Stone and Bill Murray,3
142,o_A-portrait-of-Emma-Stone-and-Bill-Murray_4_0.jpg,A portrait of Emma Stone and Bill Murray,4
143,o_A-portrait-of-Gal-Gadot-and-Dwayne-Johnson_0_0.jpg,A portrait of Gal Gadot and Dwayne Johnson,0
144,o_A-portrait-of-Gal-Gadot-and-Dwayne-Johnson_1_0.jpg,A portrait of Gal Gadot and Dwayne Johnson,1
145,o_A-portrait-of-Gal-Gadot-and-Dwayne-Johnson_2_0.jpg,A portrait of Gal Gadot and Dwayne Johnson,2
146,o_A-portrait-of-Gal-Gadot-and-Dwayne-Johnson_3_0.jpg,A portrait of Gal Gadot and Dwayne Johnson,3
147,o_A-portrait-of-George-Bush-and-Anna-Kendrick_1_0.jpg,A portrait of George Bush and Anna Kendrick,1
148,o_A-portrait-of-George-Bush-and-Cameron-Diaz_2_0.jpg,A portrait of George Bush and Cameron Diaz,2
149,o_A-portrait-of-George-Bush-and-Cameron-Diaz_4_0.jpg,A portrait of George Bush and Cameron Diaz,4
150,o_A-portrait-of-George-Bush-and-Drew-Barrymore_1_0.jpg,A portrait of George Bush and Drew Barrymore,1
151,o_A-portrait-of-George-Bush-and-Drew-Barrymore_2_0.jpg,A portrait of George Bush and Drew Barrymore,2
152,o_A-portrait-of-George-Bush-and-Drew-Barrymore_3_0.jpg,A portrait of George Bush and Drew Barrymore,3
153,o_A-portrait-of-George-Clooney-and-Julianne-Moore_1_0.jpg,A portrait of George Clooney and Julianne Moore,1
154,o_A-portrait-of-George-Clooney-and-Julianne-Moore_3_0.jpg,A portrait of George Clooney and Julianne Moore,3
155,o_A-portrait-of-George-Clooney-and-Julianne-Moore_4_0.jpg,A portrait of George Clooney and Julianne Moore,4
156,o_A-portrait-of-George-Takei-and-Charlize-Theron_0_0.jpg,A portrait of George Takei and Charlize Theron,0
157,o_A-portrait-of-George-Takei-and-Charlize-Theron_2_0.jpg,A portrait of George Takei and Charlize Theron,2
158,o_A-portrait-of-George-Takei-and-Charlize-Theron_3_0.jpg,A portrait of George Takei and Charlize Theron,3
159,o_A-portrait-of-George-Takei-and-Demi-Lovato_0_0.jpg,A portrait of George Takei and Demi Lovato,0
160,o_A-portrait-of-George-Takei-and-Demi-Lovato_1_0.jpg,A portrait of George Takei and Demi Lovato,1
161,o_A-portrait-of-George-Takei-and-Demi-Lovato_3_0.jpg,A portrait of George Takei and Demi Lovato,3
162,o_A-portrait-of-George-Takei-and-Drew-Barrymore_0_0.jpg,A portrait of George Takei and Drew Barrymore,0
163,o_A-portrait-of-George-Takei-and-Drew-Barrymore_1_0.jpg,A portrait of George Takei and Drew Barrymore,1
164,o_A-portrait-of-George-Takei-and-Drew-Barrymore_3_0.jpg,A portrait of George Takei and Drew Barrymore,3
165,o_A-portrait-of-Gordon-Ramsey-and-Beth-Behrs_0_0.jpg,A portrait of Gordon Ramsey and Beth Behrs,0
166,o_A-portrait-of-Gordon-Ramsey-and-Beth-Behrs_4_0.jpg,A portrait of Gordon Ramsey and Beth Behrs,4
167,o_A-portrait-of-Harrison-Ford-and-Amy-Schumer_0_0.jpg,A portrait of Harrison Ford and Amy Schumer,0
168,o_A-portrait-of-Harrison-Ford-and-Amy-Schumer_1_0.jpg,A portrait of Harrison Ford and Amy Schumer,1
169,o_A-portrait-of-Harrison-Ford-and-Amy-Schumer_3_0.jpg,A portrait of Harrison Ford and Amy Schumer,3
170,o_A-portrait-of-Harrison-Ford-and-Kristen-Stewart_1_0.jpg,A portrait of Harrison Ford and Kristen Stewart,1
171,o_A-portrait-of-Harry-Dean-Stanton-and-Amber-Heard_2_0.jpg,A portrait of Harry Dean Stanton and Amber Heard,2
172,o_A-portrait-of-Harry-Dean-Stanton-and-Amber-Heard_3_0.jpg,A portrait of Harry Dean Stanton and Amber Heard,3
173,o_A-portrait-of-Harry-Dean-Stanton-and-Amber-Heard_4_0.jpg,A portrait of Harry Dean Stanton and Amber Heard,4
174,o_A-portrait-of-Harry-Dean-Stanton-and-Cameron-Diaz_0_0.jpg,A portrait of Harry Dean Stanton and Cameron Diaz,0
175,o_A-portrait-of-Harry-Dean-Stanton-and-Cameron-Diaz_2_0.jpg,A portrait of Harry Dean Stanton and Cameron Diaz,2
176,o_A-portrait-of-Harry-Dean-Stanton-and-Cameron-Diaz_3_0.jpg,A portrait of Harry Dean Stanton and Cameron Diaz,3
177,o_A-portrait-of-Harry-Dean-Stanton-and-Charlize-Theron_0_0.jpg,A portrait of Harry Dean Stanton and Charlize Theron,0
178,o_A-portrait-of-Harry-Dean-Stanton-and-Charlize-Theron_3_0.jpg,A portrait of Harry Dean Stanton and Charlize Theron,3
179,o_A-portrait-of-Harry-Styles-and-Anjelica-Huston_1_0.jpg,A portrait of Harry Styles and Anjelica Huston,1
180,o_A-portrait-of-Henry-Cavill-and-Charlize-Theron_0_0.jpg,A portrait of Henry Cavill and Charlize Theron,0
181,o_A-portrait-of-Henry-Cavill-and-Charlize-Theron_3_0.jpg,A portrait of Henry Cavill and Charlize Theron,3
182,o_A-portrait-of-Henry-Cavill-and-Charlize-Theron_4_0.jpg,A portrait of Henry Cavill and Charlize Theron,4
183,o_A-portrait-of-Hillary-Clinton-and-Ben-Stiller_1_0.jpg,A portrait of Hillary Clinton and Ben Stiller,1
184,o_A-portrait-of-Hugh-Jackman-and-Britney-Spears_0_0.jpg,A portrait of Hugh Jackman and Britney Spears,0
185,o_A-portrait-of-Hugh-Jackman-and-Britney-Spears_3_0.jpg,A portrait of Hugh Jackman and Britney Spears,3
186,o_A-portrait-of-Hugh-Jackman-and-Emma-Roberts_0_0.jpg,A portrait of Hugh Jackman and Emma Roberts,0
187,o_A-portrait-of-Idris-Elba-and-Leslie-Jones_1_0.jpg,A portrait of Idris Elba and Leslie Jones,1
188,o_A-portrait-of-Idris-Elba-and-Lily-Collins_0_0.jpg,A portrait of Idris Elba and Lily Collins,0
189,o_A-portrait-of-Idris-Elba-and-Lily-Collins_4_0.jpg,A portrait of Idris Elba and Lily Collins,4
190,o_A-portrait-of-Jake-Gyllenhaal-and-Bette-Midler_0_0.jpg,A portrait of Jake Gyllenhaal and Bette Midler,0
191,o_A-portrait-of-Jake-Gyllenhaal-and-Bette-Midler_3_0.jpg,A portrait of Jake Gyllenhaal and Bette Midler,3
192,o_A-portrait-of-James-Franco-and-Gal-Gadot_2_0.jpg,A portrait of James Franco and Gal Gadot,2
193,o_A-portrait-of-James-Franco-and-Krysten-Ritter_1_0.jpg,A portrait of James Franco and Krysten Ritter,1
194,o_A-portrait-of-James-Franco-and-Krysten-Ritter_4_0.jpg,A portrait of James Franco and Krysten Ritter,4
195,o_A-portrait-of-James-Garner-and-Gwyneth-Paltrow_1_0.jpg,A portrait of James Garner and Gwyneth Paltrow,1
196,o_A-portrait-of-James-Garner-and-Gwyneth-Paltrow_2_0.jpg,A portrait of James Garner and Gwyneth Paltrow,2
197,o_A-portrait-of-James-Garner-and-Gwyneth-Paltrow_4_0.jpg,A portrait of James Garner and Gwyneth Paltrow,4
198,o_A-portrait-of-Jeff-Bridges-and-Hillary-Clinton_0_0.jpg,A portrait of Jeff Bridges and Hillary Clinton,0
199,o_A-portrait-of-Jeff-Bridges-and-Hillary-Clinton_1_0.jpg,A portrait of Jeff Bridges and Hillary Clinton,1
200,o_A-portrait-of-Jennifer-Aniston-and-Jeff-Bridges_1_0.jpg,A portrait of Jennifer Aniston and Jeff Bridges,1
201,o_A-portrait-of-Jennifer-Aniston-and-Jeff-Bridges_4_0.jpg,A portrait of Jennifer Aniston and Jeff Bridges,4
202,o_A-portrait-of-Jennifer-Aniston-and-Matthew-Mcconaughey_0_0.jpg,A portrait of Jennifer Aniston and Matthew Mcconaughey,0
203,o_A-portrait-of-Jennifer-Aniston-and-Matthew-Mcconaughey_1_0.jpg,A portrait of Jennifer Aniston and Matthew Mcconaughey,1
204,o_A-portrait-of-Jennifer-Aniston-and-Matthew-Mcconaughey_4_0.jpg,A portrait of Jennifer Aniston and Matthew Mcconaughey,4
205,o_A-portrait-of-Jennifer-Aniston-and-Robert-De-Niro_3_0.jpg,A portrait of Jennifer Aniston and Robert De Niro,3
206,o_A-portrait-of-Jennifer-Connelly-and-Ed-Sheeran_1_0.jpg,A portrait of Jennifer Connelly and Ed Sheeran,1
207,o_A-portrait-of-Jennifer-Connelly-and-Ed-Sheeran_3_0.jpg,A portrait of Jennifer Connelly and Ed Sheeran,3
208,o_A-portrait-of-Jennifer-Connelly-and-Jason-Momoa_1_0.jpg,A portrait of Jennifer Connelly and Jason Momoa,1
209,o_A-portrait-of-Jimmy-Carter-and-Emma-Stone_3_0.jpg,A portrait of Jimmy Carter and Emma Stone,3
210,o_A-portrait-of-Joan-Rivers-and-Anne-Hathaway_2_0.jpg,A portrait of Joan Rivers and Anne Hathaway,2
211,o_A-portrait-of-Jon-Hamm-and-Amy-Adams_2_0.jpg,A portrait of Jon Hamm and Amy Adams,2
212,o_A-portrait-of-Judy-Garland-and-Chris-Pine_0_0.jpg,A portrait of Judy Garland and Chris Pine,0
213,o_A-portrait-of-Judy-Garland-and-Chris-Pine_1_0.jpg,A portrait of Judy Garland and Chris Pine,1
214,o_A-portrait-of-Judy-Garland-and-Chris-Pine_3_0.jpg,A portrait of Judy Garland and Chris Pine,3
215,o_A-portrait-of-Judy-Garland-and-Chris-Pine_4_0.jpg,A portrait of Judy Garland and Chris Pine,4
216,o_A-portrait-of-Justin-Bieber-and-Adriana-Lima_0_0.jpg,A portrait of Justin Bieber and Adriana Lima,0
217,o_A-portrait-of-Justin-Bieber-and-Adriana-Lima_2_0.jpg,A portrait of Justin Bieber and Adriana Lima,2
218,o_A-portrait-of-Justin-Bieber-and-Drew-Barrymore_0_0.jpg,A portrait of Justin Bieber and Drew Barrymore,0
219,o_A-portrait-of-Kaley-Cuoco-and-Drake_0_0.jpg,A portrait of Kaley Cuoco and Drake,0
220,o_A-portrait-of-Kaley-Cuoco-and-Drake_1_0.jpg,A portrait of Kaley Cuoco and Drake,1
221,o_A-portrait-of-Kaley-Cuoco-and-Drake_3_0.jpg,A portrait of Kaley Cuoco and Drake,3
222,o_A-portrait-of-Keanu-Reeves-and-Anne-Hathaway_0_0.jpg,A portrait of Keanu Reeves and Anne Hathaway,0
223,o_A-portrait-of-Keanu-Reeves-and-Anne-Hathaway_1_0.jpg,A portrait of Keanu Reeves and Anne Hathaway,1
224,o_A-portrait-of-Keanu-Reeves-and-Hillary-Clinton_0_0.jpg,A portrait of Keanu Reeves and Hillary Clinton,0
225,o_A-portrait-of-Keanu-Reeves-and-Hillary-Clinton_1_0.jpg,A portrait of Keanu Reeves and Hillary Clinton,1
226,o_A-portrait-of-Krysten-Ritter-and-Bryan-Cranston_0_0.jpg,A portrait of Krysten Ritter and Bryan Cranston,0
227,o_A-portrait-of-Krysten-Ritter-and-Bryan-Cranston_1_0.jpg,A portrait of Krysten Ritter and Bryan Cranston,1
228,o_A-portrait-of-Krysten-Ritter-and-Bryan-Cranston_3_0.jpg,A portrait of Krysten Ritter and Bryan Cranston,3
229,o_A-portrait-of-Krysten-Ritter-and-Charlie-Sheen_3_0.jpg,A portrait of Krysten Ritter and Charlie Sheen,3
230,o_A-portrait-of-Lana-Del-Rey-and-Elon-Musk_3_0.jpg,A portrait of Lana Del Rey and Elon Musk,3
231,o_A-portrait-of-Lily-Collins-and-Bob-Dylan_0_0.jpg,A portrait of Lily Collins and Bob Dylan,0
232,o_A-portrait-of-Lily-Collins-and-Bob-Dylan_1_0.jpg,A portrait of Lily Collins and Bob Dylan,1
233,o_A-portrait-of-Lily-Collins-and-Bob-Dylan_2_0.jpg,A portrait of Lily Collins and Bob Dylan,2
234,o_A-portrait-of-Lily-Collins-and-Bob-Dylan_3_0.jpg,A portrait of Lily Collins and Bob Dylan,3
235,o_A-portrait-of-Lizzy-Caplan-and-Elon-Musk_3_0.jpg,A portrait of Lizzy Caplan and Elon Musk,3
236,o_A-portrait-of-Maggie-Gyllenhaal-and-Adam-Driver_1_0.jpg,A portrait of Maggie Gyllenhaal and Adam Driver,1
237,o_A-portrait-of-Maggie-Gyllenhaal-and-Adam-Driver_3_0.jpg,A portrait of Maggie Gyllenhaal and Adam Driver,3
238,o_A-portrait-of-Maggie-Gyllenhaal-and-Drake_0_0.jpg,A portrait of Maggie Gyllenhaal and Drake,0
239,o_A-portrait-of-Maggie-Gyllenhaal-and-Drake_3_0.jpg,A portrait of Maggie Gyllenhaal and Drake,3
240,o_A-portrait-of-Matthew-Mcconaughey-and-Beth-Behrs_0_0.jpg,A portrait of Matthew Mcconaughey and Beth Behrs,0
241,o_A-portrait-of-Matthew-Mcconaughey-and-Beth-Behrs_3_0.jpg,A portrait of Matthew Mcconaughey and Beth Behrs,3
242,o_A-portrait-of-Megan-Fox-and-Bruce-Willis_0_0.jpg,A portrait of Megan Fox and Bruce Willis,0
243,o_A-portrait-of-Megan-Fox-and-Bruce-Willis_1_0.jpg,A portrait of Megan Fox and Bruce Willis,1
244,o_A-portrait-of-Mel-Gibson-and-Amber-Heard_1_0.jpg,A portrait of Mel Gibson and Amber Heard,1
245,o_A-portrait-of-Mel-Gibson-and-Amber-Heard_2_0.jpg,A portrait of Mel Gibson and Amber Heard,2
246,o_A-portrait-of-Mel-Gibson-and-Amber-Heard_4_0.jpg,A portrait of Mel Gibson and Amber Heard,4
247,o_A-portrait-of-Mel-Gibson-and-Anjelica-Huston_0_0.jpg,A portrait of Mel Gibson and Anjelica Huston,0
248,o_A-portrait-of-Mel-Gibson-and-Anjelica-Huston_1_0.jpg,A portrait of Mel Gibson and Anjelica Huston,1
249,o_A-portrait-of-Mel-Gibson-and-Anjelica-Huston_2_0.jpg,A portrait of Mel Gibson and Anjelica Huston,2
250,o_A-portrait-of-Mel-Gibson-and-Anjelica-Huston_3_0.jpg,A portrait of Mel Gibson and Anjelica Huston,3
251,o_A-portrait-of-Mel-Gibson-and-Anjelica-Huston_4_0.jpg,A portrait of Mel Gibson and Anjelica Huston,4
252,o_A-portrait-of-Mel-Gibson-and-Anna-Faris_1_0.jpg,A portrait of Mel Gibson and Anna Faris,1
253,o_A-portrait-of-Mel-Gibson-and-Anna-Faris_2_0.jpg,A portrait of Mel Gibson and Anna Faris,2
254,o_A-portrait-of-Mel-Gibson-and-Anna-Faris_4_0.jpg,A portrait of Mel Gibson and Anna Faris,4
255,o_A-portrait-of-Melanie-Griffith-and-Harrison-Ford_0_0.jpg,A portrait of Melanie Griffith and Harrison Ford,0
256,o_A-portrait-of-Michael-Ealy-and-Amber-Heard_3_0.jpg,A portrait of Michael Ealy and Amber Heard,3
257,o_A-portrait-of-Michael-Ealy-and-Amber-Heard_4_0.jpg,A portrait of Michael Ealy and Amber Heard,4
258,o_A-portrait-of-Michael-Ealy-and-Anna-Faris_3_0.jpg,A portrait of Michael Ealy and Anna Faris,3
259,o_A-portrait-of-Michael-Ealy-and-Anna-Faris_4_0.jpg,A portrait of Michael Ealy and Anna Faris,4
260,o_A-portrait-of-Michael-Ealy-and-Hillary-Clinton_0_0.jpg,A portrait of Michael Ealy and Hillary Clinton,0
261,o_A-portrait-of-Michael-Ealy-and-Hillary-Clinton_1_0.jpg,A portrait of Michael Ealy and Hillary Clinton,1
262,o_A-portrait-of-Michael-Ealy-and-Hillary-Clinton_3_0.jpg,A portrait of Michael Ealy and Hillary Clinton,3
263,o_A-portrait-of-Michael-Ealy-and-Jennifer-Lawrence_0_0.jpg,A portrait of Michael Ealy and Jennifer Lawrence,0
264,o_A-portrait-of-Natalie-Portman-and-Adam-Driver_2_0.jpg,A portrait of Natalie Portman and Adam Driver,2
265,o_A-portrait-of-Niall-Horan-and-Anjelica-Huston_0_0.jpg,A portrait of Niall Horan and Anjelica Huston,0
266,o_A-portrait-of-Niall-Horan-and-Anjelica-Huston_3_0.jpg,A portrait of Niall Horan and Anjelica Huston,3
267,o_A-portrait-of-Niall-Horan-and-Anjelica-Huston_4_0.jpg,A portrait of Niall Horan and Anjelica Huston,4
268,o_A-portrait-of-Niall-Horan-and-Charlize-Theron_1_0.jpg,A portrait of Niall Horan and Charlize Theron,1
269,o_A-portrait-of-Niall-Horan-and-Courteney-Cox_0_0.jpg,A portrait of Niall Horan and Courteney Cox,0
270,o_A-portrait-of-Niall-Horan-and-Courteney-Cox_1_0.jpg,A portrait of Niall Horan and Courteney Cox,1
271,o_A-portrait-of-Niall-Horan-and-Drew-Barrymore_3_0.jpg,A portrait of Niall Horan and Drew Barrymore,3
272,o_A-portrait-of-Niall-Horan-and-Drew-Barrymore_4_0.jpg,A portrait of Niall Horan and Drew Barrymore,4
273,o_A-portrait-of-Patrick-Stewart-and-Angelina-Jolie_1_0.jpg,A portrait of Patrick Stewart and Angelina Jolie,1
274,o_A-portrait-of-Patrick-Stewart-and-Angelina-Jolie_2_0.jpg,A portrait of Patrick Stewart and Angelina Jolie,2
275,o_A-portrait-of-Patrick-Stewart-and-Beth-Behrs_4_0.jpg,A portrait of Patrick Stewart and Beth Behrs,4
276,o_A-portrait-of-Paul-Rudd-and-Cameron-Diaz_1_0.jpg,A portrait of Paul Rudd and Cameron Diaz,1
277,o_A-portrait-of-Paul-Rudd-and-Cameron-Diaz_3_0.jpg,A portrait of Paul Rudd and Cameron Diaz,3
278,o_A-portrait-of-Paul-Wesley-and-Beth-Behrs_0_0.jpg,A portrait of Paul Wesley and Beth Behrs,0
279,o_A-portrait-of-Pierce-Brosnan-and-Anne-Hathaway_0_0.jpg,A portrait of Pierce Brosnan and Anne Hathaway,0
280,o_A-portrait-of-Pierce-Brosnan-and-Anne-Hathaway_1_0.jpg,A portrait of Pierce Brosnan and Anne Hathaway,1
281,o_A-portrait-of-Pierce-Brosnan-and-Anne-Hathaway_2_0.jpg,A portrait of Pierce Brosnan and Anne Hathaway,2
282,o_A-portrait-of-Pierce-Brosnan-and-Anne-Hathaway_4_0.jpg,A portrait of Pierce Brosnan and Anne Hathaway,4
283,o_A-portrait-of-Pierce-Brosnan-and-Jennifer-Lawrence_0_0.jpg,A portrait of Pierce Brosnan and Jennifer Lawrence,0
284,o_A-portrait-of-Pierce-Brosnan-and-Jennifer-Lawrence_3_0.jpg,A portrait of Pierce Brosnan and Jennifer Lawrence,3
285,o_A-portrait-of-Pierce-Brosnan-and-Jennifer-Lawrence_4_0.jpg,A portrait of Pierce Brosnan and Jennifer Lawrence,4
286,o_A-portrait-of-Prince-and-Jennifer-Aniston_3_0.jpg,A portrait of Prince and Jennifer Aniston,3
287,o_A-portrait-of-Queen-Elizabeth-and-Bryan-Cranston_2_0.jpg,A portrait of Queen Elizabeth and Bryan Cranston,2
288,o_A-portrait-of-Queen-Elizabeth-and-Jared-Leto_1_0.jpg,A portrait of Queen Elizabeth and Jared Leto,1
289,o_A-portrait-of-Queen-Elizabeth-and-Jared-Leto_2_0.jpg,A portrait of Queen Elizabeth and Jared Leto,2
290,o_A-portrait-of-Rachel-Mcadams-and-Andrew-Garfield_3_0.jpg,A portrait of Rachel Mcadams and Andrew Garfield,3
291,o_A-portrait-of-Rachel-Mcadams-and-Elon-Musk_0_0.jpg,A portrait of Rachel Mcadams and Elon Musk,0
292,o_A-portrait-of-Rachel-Mcadams-and-Elon-Musk_3_0.jpg,A portrait of Rachel Mcadams and Elon Musk,3
293,o_A-portrait-of-Rachel-Mcadams-and-Elvis-Presley_0_0.jpg,A portrait of Rachel Mcadams and Elvis Presley,0
294,o_A-portrait-of-Rachel-Mcadams-and-Elvis-Presley_3_0.jpg,A portrait of Rachel Mcadams and Elvis Presley,3
295,o_A-portrait-of-Rachel-Mcadams-and-Idris-Elba_3_0.jpg,A portrait of Rachel Mcadams and Idris Elba,3
296,o_A-portrait-of-Reba-Mcentire-and-Elvis-Presley_0_0.jpg,A portrait of Reba Mcentire and Elvis Presley,0
297,o_A-portrait-of-Reba-Mcentire-and-Elvis-Presley_2_0.jpg,A portrait of Reba Mcentire and Elvis Presley,2
298,o_A-portrait-of-Reba-Mcentire-and-Elvis-Presley_3_0.jpg,A portrait of Reba Mcentire and Elvis Presley,3
299,o_A-portrait-of-Reba-Mcentire-and-Elvis-Presley_4_0.jpg,A portrait of Reba Mcentire and Elvis Presley,4
300,o_A-portrait-of-Robert-De-Niro-and-Courteney-Cox_1_0.jpg,A portrait of Robert De Niro and Courteney Cox,1
301,o_A-portrait-of-Robert-De-Niro-and-Courteney-Cox_3_0.jpg,A portrait of Robert De Niro and Courteney Cox,3
302,o_A-portrait-of-Robert-De-Niro-and-Courteney-Cox_4_0.jpg,A portrait of Robert De Niro and Courteney Cox,4
303,o_A-portrait-of-Robert-De-Niro-and-Demi-Lovato_3_0.jpg,A portrait of Robert De Niro and Demi Lovato,3
304,o_A-portrait-of-Robert-De-Niro-and-Jennifer-Lawrence_0_0.jpg,A portrait of Robert De Niro and Jennifer Lawrence,0
305,o_A-portrait-of-Robert-De-Niro-and-Jennifer-Lawrence_4_0.jpg,A portrait of Robert De Niro and Jennifer Lawrence,4
306,o_Aaron-Paul-and-Emma-Stone_0_0.jpg,Aaron Paul and Emma Stone,0
307,o_Aaron-Paul-and-Emma-Stone_3_0.jpg,Aaron Paul and Emma Stone,3
308,o_Aaron-Paul-and-Emma-Stone_4_0.jpg,Aaron Paul and Emma Stone,4
309,o_Aaron-Paul-and-Jennifer-Aniston_0_0.jpg,Aaron Paul and Jennifer Aniston,0
310,o_Aaron-Paul-and-Jennifer-Aniston_1_0.jpg,Aaron Paul and Jennifer Aniston,1
311,o_Aaron-Paul-and-Jennifer-Aniston_3_0.jpg,Aaron Paul and Jennifer Aniston,3
312,o_Aaron-Paul-and-Jennifer-Aniston_4_0.jpg,Aaron Paul and Jennifer Aniston,4
313,o_Adam-Driver-and-Jennifer-Connelly-in-an-official-photo_1_0.jpg,Adam Driver and Jennifer Connelly in an official photo,1
314,o_Adam-Driver-and-Krysten-Ritter_1_0.jpg,Adam Driver and Krysten Ritter,1
315,o_Adam-Driver-and-Reba-Mcentire_0_0.jpg,Adam Driver and Reba Mcentire,0
316,o_Adam-Driver-and-Reba-Mcentire_1_0.jpg,Adam Driver and Reba Mcentire,1
317,o_Adam-Driver-and-Reba-Mcentire_3_0.jpg,Adam Driver and Reba Mcentire,3
318,o_Alec-Baldwin-and-Anne-Hathaway-in-an-official-photo_0_0.jpg,Alec Baldwin and Anne Hathaway in an official photo,0
319,o_Alec-Baldwin-and-Anne-Hathaway-in-an-official-photo_1_0.jpg,Alec Baldwin and Anne Hathaway in an official photo,1
320,o_Alec-Baldwin-and-Anne-Hathaway-in-an-official-photo_2_0.jpg,Alec Baldwin and Anne Hathaway in an official photo,2
321,o_Alec-Baldwin-and-Anne-Hathaway-in-an-official-photo_3_0.jpg,Alec Baldwin and Anne Hathaway in an official photo,3
322,o_Alec-Baldwin-and-Anne-Hathaway-in-an-official-photo_4_0.jpg,Alec Baldwin and Anne Hathaway in an official photo,4
323,o_Alec-Baldwin-and-Charlize-Theron-in-an-official-photo_0_0.jpg,Alec Baldwin and Charlize Theron in an official photo,0
324,o_Alec-Baldwin-and-Charlize-Theron-in-an-official-photo_3_0.jpg,Alec Baldwin and Charlize Theron in an official photo,3
325,o_Alec-Baldwin-and-Charlize-Theron-in-an-official-photo_4_0.jpg,Alec Baldwin and Charlize Theron in an official photo,4
326,o_Amanda-Seyfried-and-Andrew-Garfield_1_0.jpg,Amanda Seyfried and Andrew Garfield,1
327,o_Amanda-Seyfried-and-Andrew-Garfield_4_0.jpg,Amanda Seyfried and Andrew Garfield,4
328,o_Amanda-Seyfried-and-Chris-Hemsworth_4_0.jpg,Amanda Seyfried and Chris Hemsworth,4
329,o_Amanda-Seyfried-and-Chuck-Norris-in-an-official-photo_0_0.jpg,Amanda Seyfried and Chuck Norris in an official photo,0
330,o_Amanda-Seyfried-and-Chuck-Norris-in-an-official-photo_1_0.jpg,Amanda Seyfried and Chuck Norris in an official photo,1
331,o_Amanda-Seyfried-and-Chuck-Norris-in-an-official-photo_4_0.jpg,Amanda Seyfried and Chuck Norris in an official photo,4
332,o_Amanda-Seyfried-and-Harrison-Ford_4_0.jpg,Amanda Seyfried and Harrison Ford,4
333,o_Amy-Adams-and-James-Garner_3_0.jpg,Amy Adams and James Garner,3
334,o_Amy-Adams-and-Mel-Gibson_1_0.jpg,Amy Adams and Mel Gibson,1
335,o_Amy-Adams-and-Mel-Gibson_4_0.jpg,Amy Adams and Mel Gibson,4
336,o_Amy-Poehler-and-Drake-in-an-official-photo_3_0.jpg,Amy Poehler and Drake in an official photo,3
337,o_Amy-Poehler-and-Drake-in-an-official-photo_4_0.jpg,Amy Poehler and Drake in an official photo,4
338,o_Amy-Poehler-and-Harrison-Ford_0_0.jpg,Amy Poehler and Harrison Ford,0
339,o_Amy-Poehler-and-Harrison-Ford_4_0.jpg,Amy Poehler and Harrison Ford,4
340,o_Amy-Schumer-and-Bryan-Cranston_0_0.jpg,Amy Schumer and Bryan Cranston,0
341,o_Amy-Schumer-and-Bryan-Cranston_3_0.jpg,Amy Schumer and Bryan Cranston,3
342,o_Amy-Schumer-and-Channing-Tatum_3_0.jpg,Amy Schumer and Channing Tatum,3
343,o_Amy-Schumer-and-Chris-Pine_0_0.jpg,Amy Schumer and Chris Pine,0
344,o_Amy-Schumer-and-Chris-Pine_3_0.jpg,Amy Schumer and Chris Pine,3
345,o_Amy-Schumer-and-Elon-Musk_0_0.jpg,Amy Schumer and Elon Musk,0
346,o_Amy-Schumer-and-Elon-Musk_1_0.jpg,Amy Schumer and Elon Musk,1
347,o_An-image-capturing-Adam-Driver-and-Megan-Fox-at-a-public-event_0_0.jpg,An image capturing Adam Driver and Megan Fox at a public event,0
348,o_An-image-capturing-Adam-Driver-and-Megan-Fox-at-a-public-event_2_0.jpg,An image capturing Adam Driver and Megan Fox at a public event,2
349,o_An-image-capturing-Adam-Driver-and-Megan-Fox-at-a-public-event_4_0.jpg,An image capturing Adam Driver and Megan Fox at a public event,4
350,o_An-image-capturing-Adam-Driver-and-Reba-Mcentire-at-a-public-event_0_0.jpg,An image capturing Adam Driver and Reba Mcentire at a public event,0
351,o_An-image-capturing-Adam-Driver-and-Reba-Mcentire-at-a-public-event_2_0.jpg,An image capturing Adam Driver and Reba Mcentire at a public event,2
352,o_An-image-capturing-Alec-Baldwin-and-Adriana-Lima-at-a-public-event_2_0.jpg,An image capturing Alec Baldwin and Adriana Lima at a public event,2
353,o_An-image-capturing-Alec-Baldwin-and-Anjelica-Huston-at-a-public-event_2_0.jpg,An image capturing Alec Baldwin and Anjelica Huston at a public event,2
354,o_An-image-capturing-Alec-Baldwin-and-Anjelica-Huston-at-a-public-event_3_0.jpg,An image capturing Alec Baldwin and Anjelica Huston at a public event,3
355,o_An-image-capturing-Alec-Baldwin-and-Anjelica-Huston-at-a-public-event_4_0.jpg,An image capturing Alec Baldwin and Anjelica Huston at a public event,4
356,o_An-image-capturing-Alec-Baldwin-and-Anna-Kendrick-at-a-public-event_0_0.jpg,An image capturing Alec Baldwin and Anna Kendrick at a public event,0
357,o_An-image-capturing-Alec-Baldwin-and-Anna-Kendrick-at-a-public-event_4_0.jpg,An image capturing Alec Baldwin and Anna Kendrick at a public event,4
358,o_An-image-capturing-Amber-Heard-and-Dr-Dre-at-a-public-event_0_0.jpg,An image capturing Amber Heard and Dr Dre at a public event,0
359,o_An-image-capturing-Amber-Heard-and-Dr-Dre-at-a-public-event_3_0.jpg,An image capturing Amber Heard and Dr Dre at a public event,3
360,o_An-image-capturing-Amy-Poehler-and-George-Clooney-at-a-public-event_0_0.jpg,An image capturing Amy Poehler and George Clooney at a public event,0
361,o_An-image-capturing-Amy-Poehler-and-George-Clooney-at-a-public-event_3_0.jpg,An image capturing Amy Poehler and George Clooney at a public event,3
362,o_An-image-capturing-Amy-Poehler-and-George-Clooney-at-a-public-event_4_0.jpg,An image capturing Amy Poehler and George Clooney at a public event,4
363,o_An-image-capturing-Amy-Schumer-and-Bill-Clinton-at-a-public-event_0_0.jpg,An image capturing Amy Schumer and Bill Clinton at a public event,0
364,o_An-image-capturing-Amy-Schumer-and-Bill-Clinton-at-a-public-event_4_0.jpg,An image capturing Amy Schumer and Bill Clinton at a public event,4
365,o_An-image-capturing-Andy-Samberg-and-Courteney-Cox-at-a-public-event_3_0.jpg,An image capturing Andy Samberg and Courteney Cox at a public event,3
366,o_An-image-capturing-Andy-Samberg-and-Jennifer-Aniston-at-a-public-event_4_0.jpg,An image capturing Andy Samberg and Jennifer Aniston at a public event,4
367,o_An-image-capturing-Anjelica-Huston-and-Paul-Wesley-at-a-public-event_3_0.jpg,An image capturing Anjelica Huston and Paul Wesley at a public event,3
368,o_An-image-capturing-Anna-Faris-and-Jackie-Chan-at-a-public-event_0_0.jpg,An image capturing Anna Faris and Jackie Chan at a public event,0
369,o_An-image-capturing-Aretha-Franklin-and-Hugh-Jackman-at-a-public-event_0_0.jpg,An image capturing Aretha Franklin and Hugh Jackman at a public event,0
370,o_An-image-capturing-Aretha-Franklin-and-Hugh-Jackman-at-a-public-event_2_0.jpg,An image capturing Aretha Franklin and Hugh Jackman at a public event,2
371,o_An-image-capturing-Aretha-Franklin-and-Hugh-Jackman-at-a-public-event_3_0.jpg,An image capturing Aretha Franklin and Hugh Jackman at a public event,3
372,o_An-image-capturing-Aretha-Franklin-and-Hugh-Jackman-at-a-public-event_4_0.jpg,An image capturing Aretha Franklin and Hugh Jackman at a public event,4
373,o_An-image-capturing-Arnold-Schwarzenegger-and-Maggie-Gyllenhaal-at-a-public-event_2_0.jpg,An image capturing Arnold Schwarzenegger and Maggie Gyllenhaal at a public event,2
374,o_An-image-capturing-Arnold-Schwarzenegger-and-Maggie-Gyllenhaal-at-a-public-event_4_0.jpg,An image capturing Arnold Schwarzenegger and Maggie Gyllenhaal at a public event,4
375,o_An-image-capturing-Avril-Lavigne-and-Bob-Dylan-at-a-public-event_0_0.jpg,An image capturing Avril Lavigne and Bob Dylan at a public event,0
376,o_An-image-capturing-Barack-Obama-and-Dakota-Johnson-at-a-public-event_0_0.jpg,An image capturing Barack Obama and Dakota Johnson at a public event,0
377,o_An-image-capturing-Ben-Affleck-and-Courteney-Cox-at-a-public-event_0_0.jpg,An image capturing Ben Affleck and Courteney Cox at a public event,0
378,o_An-image-capturing-Ben-Affleck-and-Courteney-Cox-at-a-public-event_2_0.jpg,An image capturing Ben Affleck and Courteney Cox at a public event,2
379,o_An-image-capturing-Ben-Stiller-and-Amber-Heard-at-a-public-event_0_0.jpg,An image capturing Ben Stiller and Amber Heard at a public event,0
380,o_An-image-capturing-Ben-Stiller-and-Amber-Heard-at-a-public-event_2_0.jpg,An image capturing Ben Stiller and Amber Heard at a public event,2
381,o_An-image-capturing-Ben-Stiller-and-Charlize-Theron-at-a-public-event_0_0.jpg,An image capturing Ben Stiller and Charlize Theron at a public event,0
382,o_An-image-capturing-Ben-Stiller-and-Charlize-Theron-at-a-public-event_2_0.jpg,An image capturing Ben Stiller and Charlize Theron at a public event,2
383,o_An-image-capturing-Ben-Stiller-and-Charlize-Theron-at-a-public-event_3_0.jpg,An image capturing Ben Stiller and Charlize Theron at a public event,3
384,o_An-image-capturing-Ben-Stiller-and-Charlize-Theron-at-a-public-event_4_0.jpg,An image capturing Ben Stiller and Charlize Theron at a public event,4
385,o_An-image-capturing-Ben-Stiller-and-Courteney-Cox-at-a-public-event_0_0.jpg,An image capturing Ben Stiller and Courteney Cox at a public event,0
386,o_An-image-capturing-Ben-Stiller-and-Courteney-Cox-at-a-public-event_2_0.jpg,An image capturing Ben Stiller and Courteney Cox at a public event,2
387,o_An-image-capturing-Ben-Stiller-and-Courteney-Cox-at-a-public-event_3_0.jpg,An image capturing Ben Stiller and Courteney Cox at a public event,3
388,o_An-image-capturing-Ben-Stiller-and-Jennifer-Lawrence-at-a-public-event_0_0.jpg,An image capturing Ben Stiller and Jennifer Lawrence at a public event,0
389,o_An-image-capturing-Bette-Midler-and-James-Franco-at-a-public-event_0_0.jpg,An image capturing Bette Midler and James Franco at a public event,0
390,o_An-image-capturing-Bette-Midler-and-James-Franco-at-a-public-event_4_0.jpg,An image capturing Bette Midler and James Franco at a public event,4
391,o_An-image-capturing-Betty-White-and-Arnold-Schwarzenegger-at-a-public-event_3_0.jpg,An image capturing Betty White and Arnold Schwarzenegger at a public event,3
392,o_An-image-capturing-Betty-White-and-Elon-Musk-at-a-public-event_0_0.jpg,An image capturing Betty White and Elon Musk at a public event,0
393,o_An-image-capturing-Betty-White-and-Elon-Musk-at-a-public-event_3_0.jpg,An image capturing Betty White and Elon Musk at a public event,3
394,o_An-image-capturing-Betty-White-and-Elon-Musk-at-a-public-event_4_0.jpg,An image capturing Betty White and Elon Musk at a public event,4
395,o_An-image-capturing-Betty-White-and-Jason-Momoa-at-a-public-event_2_0.jpg,An image capturing Betty White and Jason Momoa at a public event,2
396,o_An-image-capturing-Betty-White-and-Jason-Momoa-at-a-public-event_4_0.jpg,An image capturing Betty White and Jason Momoa at a public event,4
397,o_An-image-capturing-Bill-Clinton-and-Leslie-Jones-at-a-public-event_3_0.jpg,An image capturing Bill Clinton and Leslie Jones at a public event,3
398,o_An-image-capturing-Bill-Murray-and-Beth-Behrs-at-a-public-event_0_0.jpg,An image capturing Bill Murray and Beth Behrs at a public event,0
399,o_An-image-capturing-Bill-Nye-and-Anne-Hathaway-at-a-public-event_0_0.jpg,An image capturing Bill Nye and Anne Hathaway at a public event,0
400,o_An-image-capturing-Bill-Nye-and-Anne-Hathaway-at-a-public-event_3_0.jpg,An image capturing Bill Nye and Anne Hathaway at a public event,3
401,o_An-image-capturing-Bob-Dylan-and-Judy-Garland-at-a-public-event_1_0.jpg,An image capturing Bob Dylan and Judy Garland at a public event,1
402,o_An-image-capturing-Bob-Marley-and-Amy-Poehler-at-a-public-event_0_0.jpg,An image capturing Bob Marley and Amy Poehler at a public event,0
403,o_An-image-capturing-Bob-Marley-and-Amy-Poehler-at-a-public-event_1_0.jpg,An image capturing Bob Marley and Amy Poehler at a public event,1
404,o_An-image-capturing-Bob-Marley-and-Amy-Poehler-at-a-public-event_2_0.jpg,An image capturing Bob Marley and Amy Poehler at a public event,2
405,o_An-image-capturing-Bob-Marley-and-Amy-Poehler-at-a-public-event_4_0.jpg,An image capturing Bob Marley and Amy Poehler at a public event,4
406,o_An-image-capturing-Bob-Marley-and-Amy-Winehouse-at-a-public-event_1_0.jpg,An image capturing Bob Marley and Amy Winehouse at a public event,1
407,o_An-image-capturing-Bob-Marley-and-Aretha-Franklin-at-a-public-event_1_0.jpg,An image capturing Bob Marley and Aretha Franklin at a public event,1
408,o_An-image-capturing-Bob-Marley-and-Kristen-Stewart-at-a-public-event_1_0.jpg,An image capturing Bob Marley and Kristen Stewart at a public event,1
409,o_An-image-capturing-Bob-Marley-and-Kristen-Stewart-at-a-public-event_2_0.jpg,An image capturing Bob Marley and Kristen Stewart at a public event,2
410,o_An-image-capturing-Bradley-Cooper-and-Amy-Schumer-at-a-public-event_0_0.jpg,An image capturing Bradley Cooper and Amy Schumer at a public event,0
411,o_An-image-capturing-Bradley-Cooper-and-Amy-Schumer-at-a-public-event_4_0.jpg,An image capturing Bradley Cooper and Amy Schumer at a public event,4
412,o_An-image-capturing-Britney-Spears-and-Harrison-Ford-at-a-public-event_0_0.jpg,An image capturing Britney Spears and Harrison Ford at a public event,0
413,o_An-image-capturing-Britney-Spears-and-Harrison-Ford-at-a-public-event_3_0.jpg,An image capturing Britney Spears and Harrison Ford at a public event,3
414,o_An-image-capturing-Britney-Spears-and-Jared-Leto-at-a-public-event_0_0.jpg,An image capturing Britney Spears and Jared Leto at a public event,0
415,o_An-image-capturing-Britney-Spears-and-Jared-Leto-at-a-public-event_3_0.jpg,An image capturing Britney Spears and Jared Leto at a public event,3
416,o_An-image-capturing-Brittany-Snow-and-Jason-Momoa-at-a-public-event_1_0.jpg,An image capturing Brittany Snow and Jason Momoa at a public event,1
417,o_An-image-capturing-Charlie-Sheen-and-Amy-Winehouse-at-a-public-event_3_0.jpg,An image capturing Charlie Sheen and Amy Winehouse at a public event,3
418,o_An-image-capturing-Chris-Evans-and-Britney-Spears-at-a-public-event_0_0.jpg,An image capturing Chris Evans and Britney Spears at a public event,0
419,o_An-image-capturing-Chris-Evans-and-Julianne-Moore-at-a-public-event_0_0.jpg,An image capturing Chris Evans and Julianne Moore at a public event,0
420,o_An-image-capturing-Chris-Evans-and-Julianne-Moore-at-a-public-event_2_0.jpg,An image capturing Chris Evans and Julianne Moore at a public event,2
421,o_An-image-capturing-Christina-Hendricks-and-Anna-Kendrick-at-a-public-event_3_0.jpg,An image capturing Christina Hendricks and Anna Kendrick at a public event,3
422,o_An-image-capturing-Chuck-Norris-and-Britney-Spears-at-a-public-event_0_0.jpg,An image capturing Chuck Norris and Britney Spears at a public event,0
423,o_An-image-capturing-Chuck-Norris-and-Britney-Spears-at-a-public-event_4_0.jpg,An image capturing Chuck Norris and Britney Spears at a public event,4
424,o_An-image-capturing-Clint-Eastwood-and-Amber-Heard-at-a-public-event_0_0.jpg,An image capturing Clint Eastwood and Amber Heard at a public event,0
425,o_An-image-capturing-Clint-Eastwood-and-Amber-Heard-at-a-public-event_3_0.jpg,An image capturing Clint Eastwood and Amber Heard at a public event,3
426,o_An-image-capturing-Clint-Eastwood-and-Amber-Heard-at-a-public-event_4_0.jpg,An image capturing Clint Eastwood and Amber Heard at a public event,4
427,o_An-image-capturing-Countess-Vaughn-and-Harrison-Ford-at-a-public-event_3_0.jpg,An image capturing Countess Vaughn and Harrison Ford at a public event,3
428,o_An-image-capturing-Countess-Vaughn-and-Idris-Elba-at-a-public-event_1_0.jpg,An image capturing Countess Vaughn and Idris Elba at a public event,1
429,o_An-image-capturing-Dakota-Johnson-and-Ed-Sheeran-at-a-public-event_4_0.jpg,An image capturing Dakota Johnson and Ed Sheeran at a public event,4
430,o_An-image-capturing-Dakota-Johnson-and-Elon-Musk-at-a-public-event_4_0.jpg,An image capturing Dakota Johnson and Elon Musk at a public event,4
431,o_An-image-capturing-Dane-Dehaan-and-Hillary-Clinton-at-a-public-event_0_0.jpg,An image capturing Dane Dehaan and Hillary Clinton at a public event,0
432,o_An-image-capturing-David-Bowie-and-Anna-Faris-at-a-public-event_3_0.jpg,An image capturing David Bowie and Anna Faris at a public event,3
433,o_An-image-capturing-David-Bowie-and-Drew-Barrymore-at-a-public-event_4_0.jpg,An image capturing David Bowie and Drew Barrymore at a public event,4
434,o_An-image-capturing-David-Tennant-and-Courteney-Cox-at-a-public-event_2_0.jpg,An image capturing David Tennant and Courteney Cox at a public event,2
435,o_An-image-capturing-Demi-Lovato-and-Ben-Stiller-at-a-public-event_1_0.jpg,An image capturing Demi Lovato and Ben Stiller at a public event,1
436,o_An-image-capturing-Demi-Lovato-and-Patrick-Stewart-at-a-public-event_0_0.jpg,An image capturing Demi Lovato and Patrick Stewart at a public event,0
437,o_An-image-capturing-Doris-Day-and-Idris-Elba-at-a-public-event_0_0.jpg,An image capturing Doris Day and Idris Elba at a public event,0
438,o_An-image-capturing-Doris-Day-and-Idris-Elba-at-a-public-event_3_0.jpg,An image capturing Doris Day and Idris Elba at a public event,3
439,o_An-image-capturing-Dwayne-Johnson-and-Emma-Roberts-at-a-public-event_4_0.jpg,An image capturing Dwayne Johnson and Emma Roberts at a public event,4
440,o_An-image-capturing-Elizabeth-Taylor-and-Jason-Momoa-at-a-public-event_1_0.jpg,An image capturing Elizabeth Taylor and Jason Momoa at a public event,1
441,o_An-image-capturing-Elizabeth-Taylor-and-Jason-Momoa-at-a-public-event_4_0.jpg,An image capturing Elizabeth Taylor and Jason Momoa at a public event,4
442,o_An-image-capturing-Emma-Roberts-and-Adam-Driver-at-a-public-event_1_0.jpg,An image capturing Emma Roberts and Adam Driver at a public event,1
443,o_An-image-capturing-Emma-Roberts-and-Bob-Dylan-at-a-public-event_4_0.jpg,An image capturing Emma Roberts and Bob Dylan at a public event,4
444,o_An-image-capturing-George-Bush-and-Angelina-Jolie-at-a-public-event_0_0.jpg,An image capturing George Bush and Angelina Jolie at a public event,0
445,o_An-image-capturing-George-Bush-and-Angelina-Jolie-at-a-public-event_3_0.jpg,An image capturing George Bush and Angelina Jolie at a public event,3
446,o_An-image-capturing-George-Bush-and-Gwyneth-Paltrow-at-a-public-event_4_0.jpg,An image capturing George Bush and Gwyneth Paltrow at a public event,4
447,o_An-image-capturing-George-Clooney-and-Reba-Mcentire-at-a-public-event_2_0.jpg,An image capturing George Clooney and Reba Mcentire at a public event,2
448,o_An-image-capturing-George-Clooney-and-Reba-Mcentire-at-a-public-event_3_0.jpg,An image capturing George Clooney and Reba Mcentire at a public event,3
449,o_An-image-capturing-George-Clooney-and-Reba-Mcentire-at-a-public-event_4_0.jpg,An image capturing George Clooney and Reba Mcentire at a public event,4
450,o_An-image-capturing-Gillian-Anderson-and-Barack-Obama-at-a-public-event_0_0.jpg,An image capturing Gillian Anderson and Barack Obama at a public event,0
451,o_An-image-capturing-Gordon-Ramsey-and-Adriana-Lima-at-a-public-event_2_0.jpg,An image capturing Gordon Ramsey and Adriana Lima at a public event,2
452,o_An-image-capturing-Gordon-Ramsey-and-Jennifer-Lawrence-at-a-public-event_4_0.jpg,An image capturing Gordon Ramsey and Jennifer Lawrence at a public event,4
453,o_An-image-capturing-Gwyneth-Paltrow-and-Bill-Nye-at-a-public-event_0_0.jpg,An image capturing Gwyneth Paltrow and Bill Nye at a public event,0
454,o_An-image-capturing-Gwyneth-Paltrow-and-George-Takei-at-a-public-event_0_0.jpg,An image capturing Gwyneth Paltrow and George Takei at a public event,0
455,o_An-image-capturing-Gwyneth-Paltrow-and-George-Takei-at-a-public-event_3_0.jpg,An image capturing Gwyneth Paltrow and George Takei at a public event,3
456,o_An-image-capturing-Gwyneth-Paltrow-and-George-Takei-at-a-public-event_4_0.jpg,An image capturing Gwyneth Paltrow and George Takei at a public event,4
457,o_An-image-capturing-Harry-Dean-Stanton-and-Anne-Hathaway-at-a-public-event_0_0.jpg,An image capturing Harry Dean Stanton and Anne Hathaway at a public event,0
458,o_An-image-capturing-Harry-Dean-Stanton-and-Anne-Hathaway-at-a-public-event_2_0.jpg,An image capturing Harry Dean Stanton and Anne Hathaway at a public event,2
459,o_An-image-capturing-Harry-Dean-Stanton-and-Anne-Hathaway-at-a-public-event_4_0.jpg,An image capturing Harry Dean Stanton and Anne Hathaway at a public event,4
460,o_An-image-capturing-Harry-Dean-Stanton-and-Drew-Barrymore-at-a-public-event_0_0.jpg,An image capturing Harry Dean Stanton and Drew Barrymore at a public event,0
461,o_An-image-capturing-Harry-Dean-Stanton-and-Drew-Barrymore-at-a-public-event_4_0.jpg,An image capturing Harry Dean Stanton and Drew Barrymore at a public event,4
462,o_An-image-capturing-Hayley-Atwell-and-Chris-Evans-at-a-public-event_0_0.jpg,An image capturing Hayley Atwell and Chris Evans at a public event,0
463,o_An-image-capturing-Heath-Ledger-and-Anne-Hathaway-at-a-public-event_0_0.jpg,An image capturing Heath Ledger and Anne Hathaway at a public event,0
464,o_An-image-capturing-Heath-Ledger-and-Courteney-Cox-at-a-public-event_0_0.jpg,An image capturing Heath Ledger and Courteney Cox at a public event,0
465,o_An-image-capturing-Heath-Ledger-and-Courteney-Cox-at-a-public-event_2_0.jpg,An image capturing Heath Ledger and Courteney Cox at a public event,2
466,o_An-image-capturing-Heath-Ledger-and-Courteney-Cox-at-a-public-event_4_0.jpg,An image capturing Heath Ledger and Courteney Cox at a public event,4
467,o_An-image-capturing-Hugh-Jackman-and-Bette-Midler-at-a-public-event_0_0.jpg,An image capturing Hugh Jackman and Bette Midler at a public event,0
468,o_An-image-capturing-Hugh-Jackman-and-Bette-Midler-at-a-public-event_4_0.jpg,An image capturing Hugh Jackman and Bette Midler at a public event,4
469,o_An-image-capturing-Idris-Elba-and-Amy-Winehouse-at-a-public-event_0_0.jpg,An image capturing Idris Elba and Amy Winehouse at a public event,0
470,o_An-image-capturing-Idris-Elba-and-Amy-Winehouse-at-a-public-event_4_0.jpg,An image capturing Idris Elba and Amy Winehouse at a public event,4
471,o_An-image-capturing-Jackie-Chan-and-Amber-Heard-at-a-public-event_2_0.jpg,An image capturing Jackie Chan and Amber Heard at a public event,2
472,o_An-image-capturing-Jake-Gyllenhaal-and-Brittany-Snow-at-a-public-event_4_0.jpg,An image capturing Jake Gyllenhaal and Brittany Snow at a public event,4
473,o_An-image-capturing-James-Franco-and-Julianne-Moore-at-a-public-event_2_0.jpg,An image capturing James Franco and Julianne Moore at a public event,2
474,o_An-image-capturing-James-Franco-and-Julianne-Moore-at-a-public-event_4_0.jpg,An image capturing James Franco and Julianne Moore at a public event,4
475,o_An-image-capturing-James-Franco-and-Queen-Elizabeth-at-a-public-event_4_0.jpg,An image capturing James Franco and Queen Elizabeth at a public event,4
476,o_An-image-capturing-Jared-Leto-and-Betty-White-at-a-public-event_0_0.jpg,An image capturing Jared Leto and Betty White at a public event,0
477,o_An-image-capturing-Jared-Leto-and-Betty-White-at-a-public-event_2_0.jpg,An image capturing Jared Leto and Betty White at a public event,2
478,o_An-image-capturing-Jared-Leto-and-Kaley-Cuoco-at-a-public-event_0_0.jpg,An image capturing Jared Leto and Kaley Cuoco at a public event,0
479,o_An-image-capturing-Jared-Leto-and-Kaley-Cuoco-at-a-public-event_3_0.jpg,An image capturing Jared Leto and Kaley Cuoco at a public event,3
480,o_An-image-capturing-Jason-Momoa-and-Amy-Winehouse-at-a-public-event_3_0.jpg,An image capturing Jason Momoa and Amy Winehouse at a public event,3
481,o_An-image-capturing-Jason-Statham-and-Amber-Heard-at-a-public-event_0_0.jpg,An image capturing Jason Statham and Amber Heard at a public event,0
482,o_An-image-capturing-Jason-Statham-and-Amber-Heard-at-a-public-event_2_0.jpg,An image capturing Jason Statham and Amber Heard at a public event,2
483,o_An-image-capturing-Jason-Statham-and-Amber-Heard-at-a-public-event_4_0.jpg,An image capturing Jason Statham and Amber Heard at a public event,4
484,o_An-image-capturing-Jason-Statham-and-Demi-Lovato-at-a-public-event_0_0.jpg,An image capturing Jason Statham and Demi Lovato at a public event,0
485,o_An-image-capturing-Jason-Statham-and-Demi-Lovato-at-a-public-event_4_0.jpg,An image capturing Jason Statham and Demi Lovato at a public event,4
486,o_An-image-capturing-Jeff-Bridges-and-Jennifer-Aniston-at-a-public-event_0_0.jpg,An image capturing Jeff Bridges and Jennifer Aniston at a public event,0
487,o_An-image-capturing-Jeff-Bridges-and-Jennifer-Aniston-at-a-public-event_2_0.jpg,An image capturing Jeff Bridges and Jennifer Aniston at a public event,2
488,o_An-image-capturing-Jennifer-Aniston-and-Bill-Nye-at-a-public-event_0_0.jpg,An image capturing Jennifer Aniston and Bill Nye at a public event,0
489,o_An-image-capturing-Jennifer-Aniston-and-Bill-Nye-at-a-public-event_3_0.jpg,An image capturing Jennifer Aniston and Bill Nye at a public event,3
490,o_An-image-capturing-Jennifer-Aniston-and-Bill-Nye-at-a-public-event_4_0.jpg,An image capturing Jennifer Aniston and Bill Nye at a public event,4
491,o_An-image-capturing-Jennifer-Aniston-and-Neil-Degrasse-Tyson-at-a-public-event_1_0.jpg,An image capturing Jennifer Aniston and Neil Degrasse Tyson at a public event,1
492,o_An-image-capturing-Jennifer-Aniston-and-Neil-Degrasse-Tyson-at-a-public-event_4_0.jpg,An image capturing Jennifer Aniston and Neil Degrasse Tyson at a public event,4
493,o_An-image-capturing-Jennifer-Connelly-and-Drake-at-a-public-event_3_0.jpg,An image capturing Jennifer Connelly and Drake at a public event,3
494,o_An-image-capturing-Jim-Morrison-and-Adriana-Lima-at-a-public-event_1_0.jpg,An image capturing Jim Morrison and Adriana Lima at a public event,1
495,o_An-image-capturing-Jim-Morrison-and-Adriana-Lima-at-a-public-event_2_0.jpg,An image capturing Jim Morrison and Adriana Lima at a public event,2
496,o_An-image-capturing-John-Lennon-and-Gwyneth-Paltrow-at-a-public-event_2_0.jpg,An image capturing John Lennon and Gwyneth Paltrow at a public event,2
497,o_An-image-capturing-Johnny-Cash-and-Emma-Stone-at-a-public-event_2_0.jpg,An image capturing Johnny Cash and Emma Stone at a public event,2
498,o_An-image-capturing-Judy-Garland-and-Bryan-Cranston-at-a-public-event_0_0.jpg,An image capturing Judy Garland and Bryan Cranston at a public event,0
499,o_An-image-capturing-Julianne-Moore-and-Frida-Kahlo-at-a-public-event_4_0.jpg,An image capturing Julianne Moore and Frida Kahlo at a public event,4
500,o_An-image-capturing-Justin-Bieber-and-Angelina-Jolie-at-a-public-event_0_0.jpg,An image capturing Justin Bieber and Angelina Jolie at a public event,0
501,o_An-image-capturing-Justin-Bieber-and-Hillary-Clinton-at-a-public-event_0_0.jpg,An image capturing Justin Bieber and Hillary Clinton at a public event,0
502,o_An-image-capturing-Justin-Bieber-and-Jennifer-Aniston-at-a-public-event_0_0.jpg,An image capturing Justin Bieber and Jennifer Aniston at a public event,0
503,o_An-image-capturing-Keanu-Reeves-and-Gwyneth-Paltrow-at-a-public-event_0_0.jpg,An image capturing Keanu Reeves and Gwyneth Paltrow at a public event,0
504,o_An-image-capturing-Keanu-Reeves-and-Gwyneth-Paltrow-at-a-public-event_2_0.jpg,An image capturing Keanu Reeves and Gwyneth Paltrow at a public event,2
505,o_An-image-capturing-Keanu-Reeves-and-Gwyneth-Paltrow-at-a-public-event_4_0.jpg,An image capturing Keanu Reeves and Gwyneth Paltrow at a public event,4
506,o_An-image-capturing-Krysten-Ritter-and-Arnold-Schwarzenegger-at-a-public-event_3_0.jpg,An image capturing Krysten Ritter and Arnold Schwarzenegger at a public event,3
507,o_An-image-capturing-Krysten-Ritter-and-Bradley-Cooper-at-a-public-event_2_0.jpg,An image capturing Krysten Ritter and Bradley Cooper at a public event,2
508,o_An-image-capturing-Lily-Collins-and-Ed-Sheeran-at-a-public-event_1_0.jpg,An image capturing Lily Collins and Ed Sheeran at a public event,1
509,o_An-image-capturing-Lily-Collins-and-Ed-Sheeran-at-a-public-event_3_0.jpg,An image capturing Lily Collins and Ed Sheeran at a public event,3
510,o_An-image-capturing-Lily-Collins-and-Idris-Elba-at-a-public-event_2_0.jpg,An image capturing Lily Collins and Idris Elba at a public event,2
511,o_An-image-capturing-Liv-Tyler-and-Elvis-Presley-at-a-public-event_1_0.jpg,An image capturing Liv Tyler and Elvis Presley at a public event,1
512,o_An-image-capturing-Matt-Damon-and-Anjelica-Huston-at-a-public-event_2_0.jpg,An image capturing Matt Damon and Anjelica Huston at a public event,2
513,o_An-image-capturing-Matt-Damon-and-Anjelica-Huston-at-a-public-event_4_0.jpg,An image capturing Matt Damon and Anjelica Huston at a public event,4
514,o_An-image-capturing-Matt-Damon-and-Charlize-Theron-at-a-public-event_0_0.jpg,An image capturing Matt Damon and Charlize Theron at a public event,0
515,o_An-image-capturing-Matt-Damon-and-Charlize-Theron-at-a-public-event_2_0.jpg,An image capturing Matt Damon and Charlize Theron at a public event,2
516,o_An-image-capturing-Matt-Damon-and-Charlize-Theron-at-a-public-event_4_0.jpg,An image capturing Matt Damon and Charlize Theron at a public event,4
517,o_An-image-capturing-Matt-Damon-and-Emma-Stone-at-a-public-event_0_0.jpg,An image capturing Matt Damon and Emma Stone at a public event,0
518,o_An-image-capturing-Matt-Smith-and-Angelina-Jolie-at-a-public-event_4_0.jpg,An image capturing Matt Smith and Angelina Jolie at a public event,4
519,o_An-image-capturing-Matt-Smith-and-Demi-Lovato-at-a-public-event_0_0.jpg,An image capturing Matt Smith and Demi Lovato at a public event,0
520,o_An-image-capturing-Matthew-Mcconaughey-and-Adriana-Lima-at-a-public-event_2_0.jpg,An image capturing Matthew Mcconaughey and Adriana Lima at a public event,2
521,o_An-image-capturing-Matthew-Mcconaughey-and-Jennifer-Lawrence-at-a-public-event_0_0.jpg,An image capturing Matthew Mcconaughey and Jennifer Lawrence at a public event,0
522,o_An-image-capturing-Matthew-Mcconaughey-and-Jennifer-Lawrence-at-a-public-event_4_0.jpg,An image capturing Matthew Mcconaughey and Jennifer Lawrence at a public event,4
523,o_An-image-capturing-Megan-Fox-and-Arnold-Schwarzenegger-at-a-public-event_0_0.jpg,An image capturing Megan Fox and Arnold Schwarzenegger at a public event,0
524,o_An-image-capturing-Megan-Fox-and-Arnold-Schwarzenegger-at-a-public-event_2_0.jpg,An image capturing Megan Fox and Arnold Schwarzenegger at a public event,2
525,o_An-image-capturing-Megan-Fox-and-Bruce-Willis-at-a-public-event_0_0.jpg,An image capturing Megan Fox and Bruce Willis at a public event,0
526,o_An-image-capturing-Megan-Fox-and-Bruce-Willis-at-a-public-event_1_0.jpg,An image capturing Megan Fox and Bruce Willis at a public event,1
527,o_An-image-capturing-Megan-Fox-and-Chris-Pine-at-a-public-event_0_0.jpg,An image capturing Megan Fox and Chris Pine at a public event,0
528,o_An-image-capturing-Megan-Fox-and-Chris-Pine-at-a-public-event_2_0.jpg,An image capturing Megan Fox and Chris Pine at a public event,2
529,o_An-image-capturing-Megan-Fox-and-Chris-Pine-at-a-public-event_3_0.jpg,An image capturing Megan Fox and Chris Pine at a public event,3
530,o_An-image-capturing-Megan-Fox-and-Chris-Pine-at-a-public-event_4_0.jpg,An image capturing Megan Fox and Chris Pine at a public event,4
531,o_An-image-capturing-Megan-Fox-and-Jason-Momoa-at-a-public-event_0_0.jpg,An image capturing Megan Fox and Jason Momoa at a public event,0
532,o_An-image-capturing-Megan-Fox-and-Jason-Momoa-at-a-public-event_3_0.jpg,An image capturing Megan Fox and Jason Momoa at a public event,3
533,o_An-image-capturing-Melanie-Griffith-and-Bradley-Cooper-at-a-public-event_1_0.jpg,An image capturing Melanie Griffith and Bradley Cooper at a public event,1
534,o_An-image-capturing-Melanie-Griffith-and-Bradley-Cooper-at-a-public-event_3_0.jpg,An image capturing Melanie Griffith and Bradley Cooper at a public event,3
535,o_An-image-capturing-Melanie-Griffith-and-Bruce-Willis-at-a-public-event_0_0.jpg,An image capturing Melanie Griffith and Bruce Willis at a public event,0
536,o_An-image-capturing-Michael-Cera-and-Amber-Heard-at-a-public-event_4_0.jpg,An image capturing Michael Cera and Amber Heard at a public event,4
537,o_An-image-capturing-Michael-Ealy-and-Demi-Lovato-at-a-public-event_4_0.jpg,An image capturing Michael Ealy and Demi Lovato at a public event,4
538,o_An-image-capturing-Natalie-Portman-and-Chris-Hemsworth-at-a-public-event_4_0.jpg,An image capturing Natalie Portman and Chris Hemsworth at a public event,4
539,o_An-image-capturing-Neil-Degrasse-Tyson-and-Anjelica-Huston-at-a-public-event_0_0.jpg,An image capturing Neil Degrasse Tyson and Anjelica Huston at a public event,0
540,o_An-image-capturing-Neil-Degrasse-Tyson-and-Anjelica-Huston-at-a-public-event_1_0.jpg,An image capturing Neil Degrasse Tyson and Anjelica Huston at a public event,1
541,o_An-image-capturing-Neil-Degrasse-Tyson-and-Anjelica-Huston-at-a-public-event_3_0.jpg,An image capturing Neil Degrasse Tyson and Anjelica Huston at a public event,3
542,o_An-image-capturing-Neil-Degrasse-Tyson-and-Anjelica-Huston-at-a-public-event_4_0.jpg,An image capturing Neil Degrasse Tyson and Anjelica Huston at a public event,4
543,o_An-image-capturing-Niall-Horan-and-Beth-Behrs-at-a-public-event_4_0.jpg,An image capturing Niall Horan and Beth Behrs at a public event,4
544,o_An-image-capturing-Paul-Rudd-and-Jennifer-Lawrence-at-a-public-event_3_0.jpg,An image capturing Paul Rudd and Jennifer Lawrence at a public event,3
545,o_An-image-capturing-Paul-Wesley-and-Gwyneth-Paltrow-at-a-public-event_0_0.jpg,An image capturing Paul Wesley and Gwyneth Paltrow at a public event,0
546,o_An-image-capturing-Paul-Wesley-and-Gwyneth-Paltrow-at-a-public-event_4_0.jpg,An image capturing Paul Wesley and Gwyneth Paltrow at a public event,4
547,o_An-image-capturing-Pierce-Brosnan-and-Anjelica-Huston-at-a-public-event_0_0.jpg,An image capturing Pierce Brosnan and Anjelica Huston at a public event,0
548,o_An-image-capturing-Pierce-Brosnan-and-Anjelica-Huston-at-a-public-event_2_0.jpg,An image capturing Pierce Brosnan and Anjelica Huston at a public event,2
549,o_An-image-capturing-Pierce-Brosnan-and-Emma-Stone-at-a-public-event_0_0.jpg,An image capturing Pierce Brosnan and Emma Stone at a public event,0
550,o_An-image-capturing-Pierce-Brosnan-and-Emma-Stone-at-a-public-event_3_0.jpg,An image capturing Pierce Brosnan and Emma Stone at a public event,3
551,o_An-image-capturing-Queen-Elizabeth-and-Bruce-Willis-at-a-public-event_0_0.jpg,An image capturing Queen Elizabeth and Bruce Willis at a public event,0
552,o_An-image-capturing-Rachel-Dratch-and-Arnold-Schwarzenegger-at-a-public-event_3_0.jpg,An image capturing Rachel Dratch and Arnold Schwarzenegger at a public event,3
553,o_An-image-capturing-Rachel-Dratch-and-Arnold-Schwarzenegger-at-a-public-event_4_0.jpg,An image capturing Rachel Dratch and Arnold Schwarzenegger at a public event,4
554,o_An-image-capturing-Rachel-Dratch-and-Bill-Clinton-at-a-public-event_3_0.jpg,An image capturing Rachel Dratch and Bill Clinton at a public event,3
555,o_An-image-capturing-Rachel-Dratch-and-Channing-Tatum-at-a-public-event_3_0.jpg,An image capturing Rachel Dratch and Channing Tatum at a public event,3
556,o_An-image-capturing-Rachel-Dratch-and-Channing-Tatum-at-a-public-event_4_0.jpg,An image capturing Rachel Dratch and Channing Tatum at a public event,4
557,o_An-image-capturing-Reba-Mcentire-and-Bruce-Willis-at-a-public-event_0_0.jpg,An image capturing Reba Mcentire and Bruce Willis at a public event,0
558,o_An-image-capturing-Reba-Mcentire-and-Bruce-Willis-at-a-public-event_4_0.jpg,An image capturing Reba Mcentire and Bruce Willis at a public event,4
559,o_Andrew-Garfield-and-Emma-Roberts-in-an-official-photo_3_0.jpg,Andrew Garfield and Emma Roberts in an official photo,3
560,o_Andy-Samberg-and-Charlize-Theron_4_0.jpg,Andy Samberg and Charlize Theron,4
561,o_Andy-Samberg-and-Demi-Lovato-in-an-official-photo_4_0.jpg,Andy Samberg and Demi Lovato in an official photo,4
562,o_Andy-Samberg-and-Drew-Barrymore_4_0.jpg,Andy Samberg and Drew Barrymore,4
563,o_Anjelica-Huston-and-Bill-Nye-in-an-official-photo_0_0.jpg,Anjelica Huston and Bill Nye in an official photo,0
564,o_Anjelica-Huston-and-Bill-Nye-in-an-official-photo_3_0.jpg,Anjelica Huston and Bill Nye in an official photo,3
565,o_Anjelica-Huston-and-Kim-Jong-Un-in-an-official-photo_1_0.jpg,Anjelica Huston and Kim Jong Un in an official photo,1
566,o_Anjelica-Huston-and-Kim-Jong-Un-in-an-official-photo_3_0.jpg,Anjelica Huston and Kim Jong Un in an official photo,3
567,o_Anna-Kendrick-and-Aaron-Paul_3_0.jpg,Anna Kendrick and Aaron Paul,3
568,o_Anna-Kendrick-and-Harry-Dean-Stanton_3_0.jpg,Anna Kendrick and Harry Dean Stanton,3
569,o_Anna-Kendrick-and-Niall-Horan-in-an-official-photo_3_0.jpg,Anna Kendrick and Niall Horan in an official photo,3
570,o_Aretha-Franklin-and-Barack-Obama-in-an-official-photo_0_0.jpg,Aretha Franklin and Barack Obama in an official photo,0
571,o_Aretha-Franklin-and-Barack-Obama-in-an-official-photo_2_0.jpg,Aretha Franklin and Barack Obama in an official photo,2
572,o_Aretha-Franklin-and-Barack-Obama-in-an-official-photo_3_0.jpg,Aretha Franklin and Barack Obama in an official photo,3
573,o_Aretha-Franklin-and-Barack-Obama-in-an-official-photo_4_0.jpg,Aretha Franklin and Barack Obama in an official photo,4
574,o_Aretha-Franklin-and-Bradley-Cooper-in-an-official-photo_0_0.jpg,Aretha Franklin and Bradley Cooper in an official photo,0
575,o_Aretha-Franklin-and-Bradley-Cooper-in-an-official-photo_2_0.jpg,Aretha Franklin and Bradley Cooper in an official photo,2
576,o_Aretha-Franklin-and-Bradley-Cooper-in-an-official-photo_3_0.jpg,Aretha Franklin and Bradley Cooper in an official photo,3
577,o_Aretha-Franklin-and-Bradley-Cooper-in-an-official-photo_4_0.jpg,Aretha Franklin and Bradley Cooper in an official photo,4
578,o_Aretha-Franklin-and-Bradley-Cooper_0_0.jpg,Aretha Franklin and Bradley Cooper,0
579,o_Aretha-Franklin-and-Bradley-Cooper_1_0.jpg,Aretha Franklin and Bradley Cooper,1
580,o_Aretha-Franklin-and-Bradley-Cooper_2_0.jpg,Aretha Franklin and Bradley Cooper,2
581,o_Aretha-Franklin-and-Bradley-Cooper_3_0.jpg,Aretha Franklin and Bradley Cooper,3
582,o_Aretha-Franklin-and-Bradley-Cooper_4_0.jpg,Aretha Franklin and Bradley Cooper,4
583,o_Aretha-Franklin-and-Elvis-Presley_0_0.jpg,Aretha Franklin and Elvis Presley,0
584,o_Aretha-Franklin-and-Hugh-Jackman-in-an-official-photo_0_0.jpg,Aretha Franklin and Hugh Jackman in an official photo,0
585,o_Aretha-Franklin-and-Hugh-Jackman-in-an-official-photo_3_0.jpg,Aretha Franklin and Hugh Jackman in an official photo,3
586,o_Aretha-Franklin-and-Jake-Gyllenhaal-in-an-official-photo_0_0.jpg,Aretha Franklin and Jake Gyllenhaal in an official photo,0
587,o_Arnold-Schwarzenegger-and-Countess-Vaughn_1_0.jpg,Arnold Schwarzenegger and Countess Vaughn,1
588,o_Arnold-Schwarzenegger-and-Countess-Vaughn_3_0.jpg,Arnold Schwarzenegger and Countess Vaughn,3
589,o_Arnold-Schwarzenegger-and-Gillian-Anderson_1_0.jpg,Arnold Schwarzenegger and Gillian Anderson,1
590,o_Arnold-Schwarzenegger-and-Gillian-Anderson_4_0.jpg,Arnold Schwarzenegger and Gillian Anderson,4
591,o_Arnold-Schwarzenegger-and-Krysten-Ritter_1_0.jpg,Arnold Schwarzenegger and Krysten Ritter,1
592,o_Avril-Lavigne-and-Bill-Clinton_0_0.jpg,Avril Lavigne and Bill Clinton,0
593,o_Avril-Lavigne-and-Bryan-Cranston_0_0.jpg,Avril Lavigne and Bryan Cranston,0
594,o_Avril-Lavigne-and-Jared-Leto-in-an-official-photo_1_0.jpg,Avril Lavigne and Jared Leto in an official photo,1
595,o_Avril-Lavigne-and-Jared-Leto-in-an-official-photo_3_0.jpg,Avril Lavigne and Jared Leto in an official photo,3
596,o_Avril-Lavigne-and-Jared-Leto-in-an-official-photo_4_0.jpg,Avril Lavigne and Jared Leto in an official photo,4
597,o_Aziz-Ansari-and-Hillary-Clinton-in-an-official-photo_1_0.jpg,Aziz Ansari and Hillary Clinton in an official photo,1
598,o_Aziz-Ansari-and-Hillary-Clinton-in-an-official-photo_3_0.jpg,Aziz Ansari and Hillary Clinton in an official photo,3
599,o_Barack-Obama-and-Christie-Brinkley-in-an-official-photo_0_0.jpg,Barack Obama and Christie Brinkley in an official photo,0
